"customer_id","email","first_name","last_name","street_name","post_code","city","password_c","phone_number","referral_by"
25529,"melissa.gates@gmail.com","Melissa","Gates","7294 Zachary Cove","ML12","Biggar","R)6agXgQdD","7185610840",45414
45273,"frank.mitchell@gmail.com","Frank","Mitchell","50714 Ramirez Lodge Apt. 236","DG6","Castle Douglas","%yP2VyTpu7","7115292007",44286
45311,"elizabeth.brown@gmail.com","Elizabeth","Brown","53390 Jessica Road Suite 105","KA22","Ardrossan","%&cSE2TsOr","7144475787",25379
16423,"lisa.white@gmail.com","Lisa","White","978 Wayne Avenue","DG1","Dumfries","0lHg*wjb$B","728601684",38161
30769,"charlene.williams@gmail.com","Charlene","Williams","520 Gina Ranch","DD10","Montrose","p%i3xQJdnl","7272069157",45220
11631,"monica.joseph@gmail.com","Monica","Joseph","842 Lewis Highway Suite 854","G2","Glasgow","!x67U6%&U0","7795148951",16002
18729,"edward.brooks@gmail.com","Edward","Brooks","51907 Bird Rest","IV1","Inverness","Sy65ZEfVD)","7229124045",27377
24431,"stacey.copeland@gmail.com","Stacey","Copeland","3860 Richard Mission Suite 588","KY1","Kirkcaldy","Dg6q9SL1H*","7639901657",20917
39087,"dominique.sellers@gmail.com","Dominique","Sellers","285 Mooney Radial Suite 019","ML12","Biggar","go$5$IBa0v","75862513",13102
21644,"joseph.bailey@gmail.com","Joseph","Bailey","77491 Mark Plains Suite 330","DD1","Dundee","pF(J8HkCC#","7503017005",44286
44314,"sandra.hull@gmail.com","Sandra","Hull","17526 Bryan Point","ML12","Biggar","@3PRqb_aOw","7799961042",34351
11297,"brittney.mullins@gmail.com","Brittney","Mullins","33409 Pollard Isle Suite 944","ML1","Motherwell","9!*eAWYi+H","774016245",11409
21018,"tracey.smith@gmail.com","Tracey","Smith","85399 Mosley Courts","DG1","Dumfries","1D6vAwrV_#","7182258193",21711
46764,"amanda.mcdonald@gmail.com","Amanda","Mcdonald","991 Tracy Views Suite 268","PA19","Gourock","^i69sBwBI)","7840779395",16002
34034,"candace.smith@gmail.com","Candace","Smith","065 Woods Forges Apt. 726","ML1","Motherwell","o$Dynikq$2","7289340871",36878
33349,"eugene.pierce@gmail.com","Eugene","Pierce","16862 Merritt Harbors","EH1","Edinburgh","$*H9VReNs1","7844168785",19135
36878,"katrina.klein@gmail.com","Katrina","Klein","20623 Robinson Locks Suite 516","DD1","Dundee","riv04Aw9&!","7921826830",49971
26286,"robert.stone@gmail.com","Robert","Stone","8302 Martinez Lodge","KY7","Glenrothes",")0J#xb7+nE","798003502",31713
42774,"danny.carpenter@gmail.com","Danny","Carpenter","26214 Sylvia Lights","PA1","Paisley","*&6HX2Qo(n","7668822685",40566
11409,"suzanne.burton@gmail.com","Suzanne","Burton","5642 Lewis Turnpike","G2","Glasgow","M*IL7Qkc!S","7212892183",31713
41250,"katherine.patrick@gmail.com","Katherine","Patrick","49297 Walker Estate Suite 138","PA19","Gourock","x$i85WFchO","7857092423",21711
42671,"james.ford@gmail.com","James","Ford","5971 Strickland Road Suite 931","G2","Glasgow","+90NP_)vc6","723482935",40566
47501,"johnny.delacruz@gmail.com","Johnny","Delacruz","6533 Larry Extensions Apt. 181","PA1","Paisley","!@uv9BxfZ*","7745473696",20917
41840,"anna.lopez@gmail.com","Anna","Lopez","724 Brandon Fords","AB22","Aberdeen","j_22Lf9L25","7630373565",24446
22884,"anthony.phillips@gmail.com","Anthony","Phillips","144 White Plain Suite 410","G2","Glasgow","rqZ5Zz^j&(","7761993245",45414
41050,"alexa.cowan@gmail.com","Alexa","Cowan","766 Raymond Radial","DG1","Dumfries","K#X(r7Zq7@","7901386388",20917
12440,"erica.clark@gmail.com","Erica","Clark","12483 Allison Hollow","G1","Glasgow","N8)RrWU3%$","7849550873",19135
28941,"jesse.vaughn@gmail.com","Jesse","Vaughn","13377 Lang Isle","IV2","Inverness","K)1LnCvW%x","7211484208",13499
49101,"brenda.williams@gmail.com","Brenda","Williams","3438 Sanders Glen Apt. 655","EH1","Edinburgh","5tR@0yVn&#","7812051526",39964
24446,"laura.farrell@gmail.com","Laura","Farrell","841 Colton Fork Suite 093","G2","Glasgow","&@c*l9Up9b","733915862",29301
14181,"vanessa.fritz@gmail.com","Vanessa","Fritz","20346 Theresa Camp","EH1","Edinburgh","C#bK8Au@T7","7327555334",42491
21838,"steven.martin@gmail.com","Steven","Martin","78712 Long Valleys","ML12","Biggar","_5pK2Dg@Vw","7251738938",38040
31395,"barbara.richardson@gmail.com","Barbara","Richardson","93616 Ashley Via Apt. 458","IV2","Inverness","6mpEAr^s+w","7396189045",42491
27377,"carl.may@gmail.com","Carl","May","956 Ronald Squares Suite 143","IV1","Inverness","^1APdq3&m1","7493295364",28287
13102,"mackenzie.schultz@gmail.com","Mackenzie","Schultz","96879 Cameron Stream","DD1","Dundee","B8$P$2Hy%i","7551113040",28387
21605,"rachel.patton@gmail.com","Rachel","Patton","6070 Cruz Spur","EH1","Edinburgh","SRENix@w#0","768765784",30110
13499,"gina.chavez@gmail.com","Gina","Chavez","3757 Patricia River Suite 964","DD1","Dundee","u_R0RjpnPq","7584040696",39153
48962,"richard.vargas@gmail.com","Richard","Vargas","7734 Burke Forge","EH8","Edinburgh","L9y)ZkYq&8","7558360360",30257
17340,"brian.walker@gmail.com","Brian","Walker","045 Joseph Road","DG1","Dumfries","s^0RfCL3W@","7601417506",36092
34908,"ashley.ford@gmail.com","Ashley","Ford","42595 Krueger Locks Apt. 523","EH1","Edinburgh","#9Bvuw6s(U","7800122728",23389
28287,"rodney.cowan@gmail.com","Rodney","Cowan","086 Amanda Extensions Apt. 145","ML1","Motherwell","V3%tm9Dccn","7393468787",38040
16002,"nicole.terry@gmail.com","Nicole","Terry","925 Michelle Throughway","G2","Glasgow","7%9E#JzJ_E","7540095299",44492
30257,"austin.mcmillan@gmail.com","Austin","Mcmillan","107 Evans Haven","AB10","Aberdeen","#LlWuRwU^8","7745831051",47636
47763,"jeremy.fischer@gmail.com","Jeremy","Fischer","66486 Rodriguez Stravenue","ML1","Motherwell","@PJzL5%TV6","7547172788",26503
29766,"jonathon.sanders@gmail.com","Jonathon","Sanders","807 Stephen Mountain","EH8","Edinburgh","%1ieYhupld","720577349",31516
21711,"michael.morgan@gmail.com","Michael","Morgan","8300 Howell Springs","KA1","Kilmarnock","Z0TO%erp@7","7448429174",30110
15471,"laura.martin@gmail.com","Laura","Martin","7232 Haley Fords","DG1","Dumfries","V^1W2(Ns&_","753075581",29618
21502,"donald.smith@gmail.com","Donald","Smith","083 Moss Trail Apt. 120","G1","Glasgow","X*C9+IoT^$","761260593",29301
39153,"charles.williams@gmail.com","Charles","Williams","7089 Foley Land","KA1","Kilmarnock","(^g3lEpQ)l","7292691814",47636
13930,"andrew.jones@gmail.com","Andrew","Jones","9027 Kelly Corner Apt. 974","ML12","Biggar","!9TC*PJxW$","7376882986",15837
20917,"holly.williams@gmail.com","Holly","Williams","64666 Harris Common","PA1","Paisley","@m5$@Rb0Y_","7314079803",16900
16454,"michelle.thompson@gmail.com","Michelle","Thompson","28270 Allen Spurs","KY7","Glenrothes","n)26NBQi1J","781194572",35572
31516,"james.cordova@gmail.com","James","Cordova","084 Larry Vista","PA19","Gourock","^TTIio4Ie6","7290695650",39735
40566,"shawn.williams@gmail.com","Shawn","Williams","830 Donaldson Pines Suite 022","ML1","Motherwell","A1)05Nd6J#","7756397685",41327
28606,"jacqueline.huber@gmail.com","Jacqueline","Huber","62111 Burnett Neck","EH8","Edinburgh","4+E$2akjKK","7894945240",45220
47432,"emily.schneider@gmail.com","Emily","Schneider","038 Parks Manors Suite 720","G2","Glasgow","*p*0ToIj&s","7919710709",21042
45220,"justin.bond@gmail.com","Justin","Bond","5530 Tara Ridge Apt. 509","DD1","Dundee","$XH4r@5a8X","789373183",27708
27708,"stephanie.ramirez@gmail.com","Stephanie","Ramirez","715 Karen Forest","KA22","Ardrossan","8CHVnm#C_D","7876835636",16220
44492,"nicole.mcdaniel@gmail.com","Nicole","Mcdaniel","90874 Jeffrey Fall Apt. 325","PA1","Paisley","x!7UIrwL85","7974971625",16206
42491,"gail.ballard@gmail.com","Gail","Ballard","69332 Burns Roads Suite 205","IV2","Inverness","2l2CnBjP@u","754721372",14044
28827,"angela.saunders@gmail.com","Angela","Saunders","25937 Shelley Port Suite 383","AB22","Aberdeen","63vO+VCx&P","7836386479",36733
38040,"denise.morales@gmail.com","Denise","Morales","6822 West Throughway","DD10","Montrose","i_F17zCj+P","7763541194",49971
36733,"angela.le@gmail.com","Angela","Le","8314 Alvarado Stream Suite 655","KY1","Kirkcaldy","Rh2W5KbME(","7430034517",46003
28736,"michelle.lopez@gmail.com","Michelle","Lopez","0447 Ashley Parkway","KA1","Kilmarnock","%c30zFpAW0","7352314878",45719
41327,"ryan.collins@gmail.com","Ryan","Collins","257 Brian Dale","DG1","Dumfries","+4V&CQh$mh","7740820132",47636
28387,"evan.valenzuela@gmail.com","Evan","Valenzuela","78273 Rhonda Divide","KY7","Glenrothes","3BS&gHl%%3","794901810",16725
49971,"cathy.harris@gmail.com","Cathy","Harris","13660 Margaret Ville","IV1","Inverness","&cEEn+er5u","7477183890",39735
39735,"julia.gutierrez@gmail.com","Julia","Gutierrez","802 Cynthia Lodge Apt. 484","KA1","Kilmarnock","w)87Tr_8Y9","7261800358",31713
35638,"cynthia.mcdaniel@gmail.com","Cynthia","Mcdaniel","769 Lisa Club Suite 389","IV2","Inverness","xN4vMevn)j","7150918011",44286
31854,"joseph.james@gmail.com","Joseph","James","87498 Grant Trail Suite 566","KA22","Ardrossan","+iU3QN%12F","7579944031",21042
15837,"anna.lee@gmail.com","Anna","Lee","24336 Allen Ferry","ML12","Biggar","^jM1eJUd^z","7368130373",30110
31713,"regina.jones@gmail.com","Regina","Jones","1914 Swanson Flats Suite 947","KA22","Ardrossan","+$5J61Enn(","7132834565",48346
21042,"michael.clark@gmail.com","Michael","Clark","42175 Galloway Light Apt. 461","AB10","Aberdeen","A5Do6%JxQ#","7678425601",16900
25379,"christopher.byrd@gmail.com","Christopher","Byrd","413 Diana Corner Apt. 790","DG1","Dumfries","57jI%*XQ_c","7773052899",44286
29301,"anthony.garcia@gmail.com","Anthony","Garcia","25171 Jones Point Suite 782","DG1","Dumfries","$I6QNYteh7","7938691608",45414
16900,"kimberly.newman@gmail.com","Kimberly","Newman","71540 Caldwell Walks","KY7","Glenrothes","t&+#4oSq^U","7329529666",46003
45414,"carol.lawson@gmail.com","Carol","Lawson","047 Austin Mountains","G1","Glasgow","4a19TDSpl*","7976590469",16206
46003,"james.hall@gmail.com","James","Hall","27208 Andrew Key Suite 285","KA1","Kilmarnock","I^OQ8WoyCJ","783276762",26503
39964,"susan.burns@gmail.com","Susan","Burns","7988 Cohen Squares Apt. 118","KA1","Kilmarnock","!1%Gr2BxRp","7890948824",16220
34351,"jordan.vega@gmail.com","Jordan","Vega","1654 Todd Viaduct Suite 081","DG1","Dumfries","(2_TYJxE)s","73068364",30469
16725,"jessica.jenkins@gmail.com","Jessica","Jenkins","966 Deanna Point","AB22","Aberdeen","j$aEz3e&+0","7893815434",48346
36092,"kayla.anderson@gmail.com","Kayla","Anderson","331 Andrew Junction","DG6","Castle Douglas","Go2GT1eG)M","7836459954",44286
26503,"wesley.parker@gmail.com","Wesley","Parker","7884 Christopher Motorway","KA1","Kilmarnock","UgC8GKiEA&","7177877413",47636
35572,"ashley.brown@gmail.com","Ashley","Brown","26798 Warner Islands","DD10","Montrose","EiJyikCk)8","7513801933",22529
38161,"robert.doyle@gmail.com","Robert","Doyle","6906 Gaines Crest Apt. 487","DG6","Castle Douglas","lEV8SOpq#K","7228427445",16206
47636,"jacob.spencer@gmail.com","Jacob","Spencer","08965 Tammy Ports Apt. 528","KY7","Glenrothes","5zSWplu^!)","7824582391",48346
30110,"brittany.nelson@gmail.com","Brittany","Nelson","8763 Barnett Creek Suite 763","KA1","Kilmarnock","S)pCVKyg&6","7584061917",12760
19135,"jessica.blackburn@gmail.com","Jessica","Blackburn","1638 Jamie Vista Apt. 094","KA1","Kilmarnock","!t6EvteYP8","7698980765",45719
12760,"matthew.morgan@gmail.com","Matthew","Morgan","56885 Jessica Common Apt. 819","EH1","Edinburgh","%+68R%Gi$e","7586326182",14044
22529,"james.fields@gmail.com","James","Fields","8916 Martin Island Apt. 128","ML12","Biggar","&q8HVsDp@B","7936906230",29618
14044,"robert.young@gmail.com","Robert","Young","2007 Curtis Summit","PA19","Gourock","$!18Y&4aI_","7471347683",44286
16220,"james.everett@gmail.com","James","Everett","2114 Michelle Centers Apt. 332","KA1","Kilmarnock","ErPUBmb(%2","7295178081",29618
48346,"elizabeth.moore@gmail.com","Elizabeth","Moore","3398 Rojas Prairie","EH1","Edinburgh","$kK4su&lh2","7355921613",16206
45719,"amanda.reynolds@gmail.com","Amanda","Reynolds","9143 Allen Avenue Suite 340","G1","Glasgow","H^8lYVbvI)","7984328185",16206
29618,"jennifer.lewis@gmail.com","Jennifer","Lewis","937 Lewis Run","DG6","Castle Douglas","!s4p5Epz1(","7518969653",44286
30469,"ryan.henderson@gmail.com","Ryan","Henderson","504 Patrick Landing","AB22","Aberdeen","#ijWYsDnt5","7271704800",16206
23103,"randy.carroll@gmail.com","Randy","Carroll","06981 Kelli Bypass","PA1","Paisley","++KTct0vt0","7593820898",44286
16206,"gina.callahan@gmail.com","Gina","Callahan","62923 Katrina Plains Suite 958","AB22","Aberdeen","t)U1*AfpzI","767672629",44286
44286,"charlotte.foster@gmail.com","Charlotte","Foster","520 Alex Turnpike","PA1","Paisley","#nDz91MhfP","7620134671",23389
23389,"heather.vega@gmail.com","Heather","Vega","3406 Brianna Avenue","KY7","Glenrothes","Q%c7GpxzQy","7343950752",""
